{"cameraMode":{"drawMode":0,"name":"Shaded","section":"Shading Mode"},"sceneLighting":true,"audioPlay":false,"sceneViewState":{"showFog":true,"showMaterialUpdate":false,"showSkybox":true,"showFlares":true,"showImageEffects":true,"showParticleSystems":true},"in2DMode":false,"pivot":{"x":2.450000286102295,"y":-0.07500001788139343,"z":1.0},"rotation":{"x":-0.15343621373176576,"y":-0.18438555300235749,"z":0.029155485332012178,"w":-0.9703658223152161},"size":7.6741862297058109,"orthographic":true}