{"cameraMode":{"drawMode":0,"name":"Shaded","section":"Shading Mode"},"sceneLighting":false,"audioPlay":false,"sceneViewState":{"showFog":true,"showMaterialUpdate":false,"showSkybox":true,"showFlares":true,"showImageEffects":true,"showParticleSystems":true},"in2DMode":false,"pivot":{"x":5.5297393798828129,"y":6.391475677490234,"z":5.949999809265137},"rotation":{"x":0.009890759363770485,"y":0.9317010641098023,"z":-0.025452496483922006,"w":0.3622327744960785},"size":14.395532608032227,"orthographic":false}