{"cameraMode":{"drawMode":0,"name":"Shaded","section":"Shading Mode"},"sceneLighting":false,"audioPlay":false,"sceneViewState":{"showFog":true,"showMaterialUpdate":false,"showSkybox":true,"showFlares":true,"showImageEffects":true,"showParticleSystems":true},"in2DMode":false,"pivot":{"x":5.350826263427734,"y":6.890355110168457,"z":8.624494552612305},"rotation":{"x":-0.041252605617046359,"y":0.8067531585693359,"z":0.0567181222140789,"w":0.5867363214492798},"size":10.0,"orthographic":false}