{"cameraMode":{"drawMode":0,"name":"Shaded","section":"Shading Mode"},"sceneLighting":true,"audioPlay":false,"sceneViewState":{"showFog":true,"showMaterialUpdate":false,"showSkybox":true,"showFlares":true,"showImageEffects":true,"showParticleSystems":true},"in2DMode":false,"pivot":{"x":2.362813949584961,"y":4.993151664733887,"z":8.90143871307373},"rotation":{"x":-0.26347318291664126,"y":0.25008219480514529,"z":-0.07103793323040009,"w":-0.9292823672294617},"size":11.609071731567383,"orthographic":false}