{"cameraMode":{"drawMode":0,"name":"Shaded","section":"Shading Mode"},"sceneLighting":false,"audioPlay":false,"sceneViewState":{"showFog":true,"showMaterialUpdate":false,"showSkybox":false,"showFlares":true,"showImageEffects":true,"showParticleSystems":true},"in2DMode":false,"pivot":{"x":0.21219611167907716,"y":-1.3539215326309205,"z":0.898097038269043},"rotation":{"x":0.07437731325626373,"y":-0.15049976110458375,"z":0.011353867128491402,"w":0.9857484698295593},"size":5.197595596313477,"orthographic":false}