{"cameraMode":{"drawMode":0,"name":"Shaded","section":"Shading Mode"},"sceneLighting":false,"audioPlay":false,"sceneViewState":{"showFog":true,"showMaterialUpdate":false,"showSkybox":false,"showFlares":true,"showImageEffects":true,"showParticleSystems":true},"in2DMode":false,"pivot":{"x":-4.4999098777771,"y":-0.9875974655151367,"z":2.6608684062957765},"rotation":{"x":0.48560619354248049,"y":0.07255683094263077,"z":-0.04012919217348099,"w":0.8705337643623352},"size":6.268631935119629,"orthographic":false}