{"cameraMode":{"drawMode":0,"name":"Shaded","section":"Shading Mode"},"sceneLighting":false,"audioPlay":false,"sceneViewState":{"showFog":true,"showMaterialUpdate":false,"showSkybox":true,"showFlares":true,"showImageEffects":true,"showParticleSystems":true},"in2DMode":false,"pivot":{"x":4.031961441040039,"y":4.241744041442871,"z":4.923957824707031},"rotation":{"x":0.021550757810473443,"y":0.9410201907157898,"z":-0.06107458099722862,"w":0.33213526010513308},"size":14.395532608032227,"orthographic":false}