{"cameraMode":{"drawMode":0,"name":"Shaded","section":"Shading Mode"},"sceneLighting":false,"audioPlay":false,"sceneViewState":{"showFog":true,"showMaterialUpdate":false,"showSkybox":true,"showFlares":true,"showImageEffects":true,"showParticleSystems":true},"in2DMode":false,"pivot":{"x":11.236515045166016,"y":13.170246124267579,"z":1.2505874633789063},"rotation":{"x":-0.012115729041397572,"y":0.9661176204681397,"z":0.046107422560453418,"w":0.2537025809288025},"size":13.294154167175293,"orthographic":false}