{"cameraMode":{"drawMode":0,"name":"Shaded","section":"Shading Mode"},"sceneLighting":false,"audioPlay":false,"sceneViewState":{"showFog":true,"showMaterialUpdate":false,"showSkybox":false,"showFlares":true,"showImageEffects":true,"showParticleSystems":true},"in2DMode":false,"pivot":{"x":0.0,"y":-0.05000007152557373,"z":0.950000524520874},"rotation":{"x":0.010577274486422539,"y":0.9425210952758789,"z":-0.02999430149793625,"w":0.3326649069786072},"size":5.197595596313477,"orthographic":false}