{"cameraMode":{"drawMode":0,"name":"Shaded","section":"Shading Mode"},"sceneLighting":false,"audioPlay":false,"sceneViewState":{"showFog":true,"showMaterialUpdate":false,"showSkybox":false,"showFlares":true,"showImageEffects":true,"showParticleSystems":true},"in2DMode":false,"pivot":{"x":0.5548372268676758,"y":-0.20919537544250489,"z":0.12340450286865235},"rotation":{"x":0.07172777503728867,"y":-0.11940601468086243,"z":0.008647211827337742,"w":0.9902200102806091},"size":5.025932788848877,"orthographic":false}