{"cameraMode":{"drawMode":0,"name":"Shaded","section":"Shading Mode"},"sceneLighting":false,"audioPlay":false,"sceneViewState":{"showFog":true,"showMaterialUpdate":false,"showSkybox":false,"showFlares":true,"showImageEffects":true,"showParticleSystems":true},"in2DMode":false,"pivot":{"x":0.22896021604537965,"y":-1.3411587476730347,"z":4.169342517852783},"rotation":{"x":0.14358994364738465,"y":0.054889656603336337,"z":-0.007978906854987145,"w":0.988092303276062},"size":5.097774505615234,"orthographic":false}