{"cameraMode":{"drawMode":0,"name":"Shaded","section":"Shading Mode"},"sceneLighting":false,"audioPlay":false,"sceneViewState":{"showFog":true,"showMaterialUpdate":false,"showSkybox":true,"showFlares":true,"showImageEffects":true,"showParticleSystems":true},"in2DMode":false,"pivot":{"x":10.387462615966797,"y":11.82072639465332,"z":12.15769100189209},"rotation":{"x":-0.03271014988422394,"y":0.8713716864585877,"z":0.05863384157419205,"w":0.48603886365890505},"size":14.395532608032227,"orthographic":false}