{"cameraMode":{"drawMode":0,"name":"Shaded","section":"Shading Mode"},"sceneLighting":false,"audioPlay":false,"sceneViewState":{"showFog":false,"showMaterialUpdate":false,"showSkybox":false,"showFlares":false,"showImageEffects":false,"showParticleSystems":false},"in2DMode":false,"pivot":{"x":10.117919921875,"y":0.4404296875,"z":0.6904296875},"rotation":{"x":-0.0018435977399349213,"y":-0.9910775423049927,"z":0.13310083746910096,"w":-0.013678519055247307},"size":9.052133560180664,"orthographic":true}