{"cameraMode":{"drawMode":0,"name":"Shaded","section":"Shading Mode"},"sceneLighting":false,"audioPlay":false,"sceneViewState":{"showFog":false,"showMaterialUpdate":false,"showSkybox":false,"showFlares":false,"showImageEffects":false,"showParticleSystems":false},"in2DMode":false,"pivot":{"x":10.117919921875,"y":0.4404296875,"z":0.6904296875},"rotation":{"x":-0.1278935968875885,"y":-0.10688662528991699,"z":0.013959291391074658,"w":-0.9859933853149414},"size":1.7896182537078858,"orthographic":true}